id,name,category,lat,lon,state,source,metadata_json
mil_f573a5d2-2916-404e-b39b-b50b77e9a658,Aliamanu Military Reservation,military_base,21.36023000,-157.91560000,HI,BTS_MIL_BASES,"{""site_operational_status"":""act"",""reporting_component"":""usa"",""coord_match_method"":""frs_state_name_exact"",""matched_frs_name"":""ALIAMANU MILITARY RESERVATION"",""matched_frs_registry_id"":""110022309090""}"
mil_38d53478-968b-4491-9159-6f0f51262cab,Arlington National Cemetery,military_base,38.87777800,-77.07138900,VA,BTS_MIL_BASES,"{""site_operational_status"":""act"",""reporting_component"":""usa"",""coord_match_method"":""frs_state_name_exact"",""matched_frs_name"":""ARLINGTON NATIONAL CEMETERY"",""matched_frs_registry_id"":""110006883435""}"
mil_4ab3d989-95e4-45fd-91c2-19b9130a7e37,Blue Grass Army Depot,military_base,37.67950000,-84.25651000,KY,BTS_MIL_BASES,"{""site_operational_status"":""act"",""reporting_component"":""usa"",""coord_match_method"":""frs_state_name_exact"",""matched_frs_name"":""BLUE GRASS ARMY DEPOT"",""matched_frs_registry_id"":""110071892463""}"
mil_07f1633b-a905-49f2-8985-f6431af55d8c,Camp Dodge,military_base,41.68848000,-93.71204000,IA,BTS_MIL_BASES,"{""site_operational_status"":""act"",""reporting_component"":""armyNationalGuard"",""coord_match_method"":""frs_state_name_exact"",""matched_frs_name"":""CAMP DODGE"",""matched_frs_registry_id"":""110036386470""}"
mil_51e906dc-3cdd-4b03-b18f-6bd38cd72e56,Carlisle Barracks,military_base,40.21055600,-77.17500000,PA,BTS_MIL_BASES,"{""site_operational_status"":""act"",""reporting_component"":""usa"",""coord_match_method"":""frs_state_name_exact"",""matched_frs_name"":""CARLISLE BARRACKS"",""matched_frs_registry_id"":""110070552860""}"
mil_c663ab45-3189-4363-9867-88bb5a610047,Military Ocean Terminal Concord,military_base,38.03354000,-122.00864000,CA,BTS_MIL_BASES,"{""site_operational_status"":""act"",""reporting_component"":""usa"",""coord_match_method"":""frs_state_name_exact"",""matched_frs_name"":""MILITARY OCEAN TERMINAL CONCORD"",""matched_frs_registry_id"":""110021089613""}"
mil_39cbe428-72e9-4e4b-ac02-f31d05541984,Camp Frank D Merrill,military_base,34.62270900,-84.10383500,GA,BTS_MIL_BASES,"{""site_operational_status"":""act"",""reporting_component"":""usa"",""coord_match_method"":""frs_state_name_exact"",""matched_frs_name"":""CAMP FRANK D MERRILL"",""matched_frs_registry_id"":""110006901932""}"
mil_6c4f7f4c-9ffd-4b61-87df-45500bb177d6,Defense Supply Center Columbus,military_base,39.97405000,-82.89446000,OH,BTS_MIL_BASES,"{""site_operational_status"":""act"",""reporting_component"":""usa"",""coord_match_method"":""frs_state_name_exact"",""matched_frs_name"":""DEFENSE SUPPLY CENTER, COLUMBUS"",""matched_frs_registry_id"":""110031535088""}"
mil_a3f58d58-abe5-42d7-b117-7d6c3a0aaf9c,Tooele Army Depot,military_base,40.49922800,-112.32567500,UT,BTS_MIL_BASES,"{""site_operational_status"":""act"",""reporting_component"":""usa"",""coord_match_method"":""frs_state_name_exact"",""matched_frs_name"":""TOOELE ARMY DEPOT"",""matched_frs_registry_id"":""110056358025""}"
mil_b741b905-0e02-4531-b734-a1dfd7992b6c,Fort Benjamin Harrison,military_base,39.85938600,-85.99729800,IN,BTS_MIL_BASES,"{""site_operational_status"":""clsd"",""reporting_component"":""usa"",""coord_match_method"":""frs_state_name_exact"",""matched_frs_name"":""FORT BENJAMIN HARRISON"",""matched_frs_registry_id"":""110071725163""}"
mil_841114f1-ee80-4864-9dc1-398fb9ce42a5,Fort Benning,military_base,32.35222200,-84.96888900,GA,BTS_MIL_BASES,"{""site_operational_status"":""act"",""reporting_component"":""usa"",""coord_match_method"":""frs_state_name_exact"",""matched_frs_name"":""FORT BENNING"",""matched_frs_registry_id"":""110061013291""}"
mil_d6c1f14a-d97d-4b66-a386-a33c26d512a8,Fort Bliss,military_base,31.83635600,-106.41454000,TX,BTS_MIL_BASES,"{""site_operational_status"":""act"",""reporting_component"":""usa"",""coord_match_method"":""frs_state_name_exact"",""matched_frs_name"":""FORT BLISS"",""matched_frs_registry_id"":""110070061007""}"
mil_5f3ce61c-733a-4d7d-ac06-3388603194c5,Fort Carson,military_base,38.75523700,-104.78137400,CO,BTS_MIL_BASES,"{""site_operational_status"":""act"",""reporting_component"":""usa"",""coord_match_method"":""frs_state_name_canonical"",""matched_frs_name"":""USA FT CARSON"",""matched_frs_registry_id"":""110069999403""}"
mil_d8fd2f72-cced-4aa3-a9c7-cb6f231520ed,Fort Meade,military_base,39.10869000,-76.72651000,MD,BTS_MIL_BASES,"{""site_operational_status"":""act"",""reporting_component"":""usa"",""coord_match_method"":""frs_state_name_exact"",""matched_frs_name"":""FORT MEADE"",""matched_frs_registry_id"":""110071861038""}"
mil_dc982bb3-13d6-45c1-8a76-4979fc47663a,Fort Hamilton,military_base,40.60930900,-74.02859400,NY,BTS_MIL_BASES,"{""site_operational_status"":""act"",""reporting_component"":""usa"",""coord_match_method"":""frs_state_name_exact"",""matched_frs_name"":""FORT HAMILTON"",""matched_frs_registry_id"":""110037101187""}"
mil_8e38a081-a367-42c4-a954-6de2212ac54c,Fort Cavazos,military_base,31.12599000,-97.78998000,TX,BTS_MIL_BASES,"{""site_operational_status"":""act"",""reporting_component"":""usa"",""coord_match_method"":""frs_state_name_exact"",""matched_frs_name"":""FORT CAVAZOS"",""matched_frs_registry_id"":""110071161658""}"
mil_f98ccfbc-5ebb-43af-9f2c-d78a1b989c2a,Fort Hunter Liggett,military_base,36.01333300,-121.24444400,CA,BTS_MIL_BASES,"{""site_operational_status"":""act"",""reporting_component"":""usar"",""coord_match_method"":""frs_state_name_exact"",""matched_frs_name"":""FORT HUNTER LIGGETT"",""matched_frs_registry_id"":""110033614694""}"
mil_259fae1c-edf8-4b84-a68d-15bac2eef209,Fort Jackson,military_base,34.01090800,-80.93540000,SC,BTS_MIL_BASES,"{""site_operational_status"":""act"",""reporting_component"":""usa"",""coord_match_method"":""frs_state_name_canonical"",""matched_frs_name"":""FT. JACKSON"",""matched_frs_registry_id"":""110020984773""}"
mil_ae56ffa0-5e87-4bed-88d7-6111a685e5dd,Fort Leonard Wood,military_base,37.75978000,-92.09824000,MO,BTS_MIL_BASES,"{""site_operational_status"":""act"",""reporting_component"":""usa"",""coord_match_method"":""frs_state_name_exact"",""matched_frs_name"":""FORT LEONARD WOOD"",""matched_frs_registry_id"":""110017986615""}"
mil_f1c5d136-ef82-49a7-9c9a-f25898b7748d,Fort McCoy,military_base,44.00708200,-90.71455500,WI,BTS_MIL_BASES,"{""site_operational_status"":""act"",""reporting_component"":""usar"",""coord_match_method"":""frs_state_name_canonical"",""matched_frs_name"":""FORT MCCOY SITE"",""matched_frs_registry_id"":""110071145922""}"
mil_ea224eb3-f88c-4089-afd7-139b33787855,Fort Monroe,military_base,37.00159900,-76.31125500,VA,BTS_MIL_BASES,"{""site_operational_status"":""care"",""reporting_component"":""usa"",""coord_match_method"":""frs_state_name_exact"",""matched_frs_name"":""FORT MONROE"",""matched_frs_registry_id"":""110067674403""}"
mil_1d0e0651-72f2-441d-a153-83851c9500a6,Joint Base Myer-Henderson Hall,military_base,38.88629200,-77.07540900,VA,BTS_MIL_BASES,"{""site_operational_status"":""act"",""reporting_component"":""usa"",""coord_match_method"":""frs_state_name_exact"",""matched_frs_name"":""JOINT BASE MYER-HENDERSON HALL"",""matched_frs_registry_id"":""110054073863""}"
mil_b701695b-e6a0-4d81-9601-313c4e57af55,Fort Riley,military_base,38.86560000,-99.33520000,KS,BTS_MIL_BASES,"{""site_operational_status"":""act"",""reporting_component"":""usa"",""coord_match_method"":""frs_state_name_canonical"",""matched_frs_name"":""FT  RILEY"",""matched_frs_registry_id"":""110017499385""}"
mil_bca89c7f-88ba-44eb-bb83-d60fac207c9b,Fort Novosel,military_base,31.36573000,-85.85336200,AL,BTS_MIL_BASES,"{""site_operational_status"":""act"",""reporting_component"":""usa"",""coord_match_method"":""frs_state_name_exact"",""matched_frs_name"":""FORT NOVOSEL"",""matched_frs_registry_id"":""110071542089""}"
mil_fe9c6318-d6de-4231-a8bc-afa193c4387c,Fort Shafter,military_base,21.34355100,-157.87980300,HI,BTS_MIL_BASES,"{""site_operational_status"":""act"",""reporting_component"":""usa"",""coord_match_method"":""frs_state_name_exact"",""matched_frs_name"":""FORT SHAFTER"",""matched_frs_registry_id"":""110046176794""}"
mil_13c64344-e9b2-40c4-a4ac-8c5c24b6166d,Fort Sill,military_base,34.65014100,-98.40207400,OK,BTS_MIL_BASES,"{""site_operational_status"":""act"",""reporting_component"":""usa"",""coord_match_method"":""frs_state_name_exact"",""matched_frs_name"":""FORT SILL"",""matched_frs_registry_id"":""110042086122""}"
mil_521056a7-0f7a-488e-958a-2d4f04e30c10,Fort Wainwright,military_base,64.82300000,-147.61060000,AK,BTS_MIL_BASES,"{""site_operational_status"":""act"",""reporting_component"":""usa"",""coord_match_method"":""frs_state_name_exact"",""matched_frs_name"":""FORT WAINWRIGHT"",""matched_frs_registry_id"":""110071102748""}"
mil_cefbe0e5-7d16-412b-b970-41a5800b02eb,Hawthorne Army Depot,military_base,38.54540000,-118.65634000,NV,BTS_MIL_BASES,"{""site_operational_status"":""act"",""reporting_component"":""usa"",""coord_match_method"":""frs_state_name_exact"",""matched_frs_name"":""HAWTHORNE ARMY DEPOT"",""matched_frs_registry_id"":""110059850754""}"
mil_3e6c6a0a-ae63-42aa-98ab-b1c6feeaf08f,Helemano Military Reservation,military_base,21.54041000,-158.02003000,HI,BTS_MIL_BASES,"{""site_operational_status"":""act"",""reporting_component"":""usa"",""coord_match_method"":""frs_state_name_exact"",""matched_frs_name"":""HELEMANO MILITARY RESERVATION"",""matched_frs_registry_id"":""110046224117""}"
mil_b646fcbf-8102-4b48-96f6-64aabe2415c1,Indiana Army Ammunition Plant,military_base,38.43724800,-85.71035000,IN,BTS_MIL_BASES,"{""site_operational_status"":""clsd"",""reporting_component"":""usa"",""coord_match_method"":""frs_state_name_exact"",""matched_frs_name"":""INDIANA ARMY AMMUNITION PLANT"",""matched_frs_registry_id"":""110000911032""}"
mil_9a813200-ca0d-4c52-b8ca-e7badfbf0162,Iowa Army Ammunition Plant,military_base,40.82713000,-91.26947300,IA,BTS_MIL_BASES,"{""site_operational_status"":""act"",""reporting_component"":""usa"",""coord_match_method"":""frs_state_name_exact"",""matched_frs_name"":""IOWA ARMY AMMUNITION PLANT"",""matched_frs_registry_id"":""110070834808""}"
mil_a56db85b-b632-4bcc-9279-7272cda80d5b,Kahuku Tng Area,military_base,21.27288000,-157.70548000,HI,BTS_MIL_BASES,"{""site_operational_status"":""act"",""reporting_component"":""usa"",""coord_match_method"":""frs_state_name_canonical"",""matched_frs_name"":""KAHUKU TRAINING FACILITY"",""matched_frs_registry_id"":""110020721254""}"
mil_23cdd63d-2fc3-4c97-9550-2af0d9c4a9d4,Lake City Army Ammunition Plant,military_base,39.09947000,-94.25534500,MO,BTS_MIL_BASES,"{""site_operational_status"":""act"",""reporting_component"":""usa"",""coord_match_method"":""frs_state_name_exact"",""matched_frs_name"":""LAKE CITY ARMY AMMUNITION PLANT"",""matched_frs_registry_id"":""110070568127""}"
mil_8b37f3d8-9a1d-4d44-8c23-813838ba97b4,Letterkenny Army Depot,military_base,39.99141900,-77.63154700,PA,BTS_MIL_BASES,"{""site_operational_status"":""act"",""reporting_component"":""usa"",""coord_match_method"":""frs_state_name_exact"",""matched_frs_name"":""LETTERKENNY ARMY DEPOT"",""matched_frs_registry_id"":""110030552569""}"
mil_7cf8ef39-d9ed-4738-b591-98c973e20912,Military Ocean Terminal Sunny Point,military_base,33.98659000,-78.00575700,NC,BTS_MIL_BASES,"{""site_operational_status"":""act"",""reporting_component"":""usa"",""coord_match_method"":""frs_state_name_exact"",""matched_frs_name"":""MILITARY OCEAN TERMINAL SUNNY POINT"",""matched_frs_registry_id"":""110070931303""}"
mil_9f20fd4b-322a-4285-94a5-6bd500441c11,Camp Williams,military_base,39.32372400,-111.67824700,UT,BTS_MIL_BASES,"{""site_operational_status"":""act"",""reporting_component"":""armyNationalGuard"",""coord_match_method"":""frs_state_name_exact"",""matched_frs_name"":""CAMP WILLIAMS"",""matched_frs_registry_id"":""110030826417""}"
mil_d9daf0e2-261b-4e24-8b15-ef24c03950d6,Camp Grayling,military_base,44.63432000,-84.77254000,MI,BTS_MIL_BASES,"{""site_operational_status"":""act"",""reporting_component"":""armyNationalGuard"",""coord_match_method"":""frs_state_name_exact"",""matched_frs_name"":""CAMP GRAYLING"",""matched_frs_registry_id"":""110071170204""}"
mil_1f7d8f76-abaf-44f1-9648-19fcf743553d,Fort Irwin,military_base,34.26515300,-117.16599300,CA,BTS_MIL_BASES,"{""site_operational_status"":""act"",""reporting_component"":""usa"",""coord_match_method"":""frs_state_name_exact"",""matched_frs_name"":""FORT IRWIN"",""matched_frs_registry_id"":""110070797722""}"
mil_2da3b571-5485-43a2-9420-f13ce879d673,Parks Reserve Forces Tng Area,military_base,37.70215200,-121.93579200,CA,BTS_MIL_BASES,"{""site_operational_status"":""act"",""reporting_component"":""usar"",""coord_match_method"":""frs_state_name_canonical"",""matched_frs_name"":""PARKS RESERVE FORCES TRAINING AREA"",""matched_frs_registry_id"":""110071102539""}"
mil_c8d55e03-c747-403d-93ac-c0a5aee976ed,Pohakuloa Training Area,military_base,19.66666800,-155.53334000,HI,BTS_MIL_BASES,"{""site_operational_status"":""act"",""reporting_component"":""usa"",""coord_match_method"":""frs_state_name_exact"",""matched_frs_name"":""POHAKULOA TRAINING AREA"",""matched_frs_registry_id"":""110045486265""}"
mil_b69db1c1-ceec-49ef-86e0-e9836a522320,Pueblo Chemical Depot,military_base,38.28526000,-104.33275000,CO,BTS_MIL_BASES,"{""site_operational_status"":""act"",""reporting_component"":""usa"",""coord_match_method"":""frs_state_name_exact"",""matched_frs_name"":""PUEBLO CHEMICAL DEPOT"",""matched_frs_registry_id"":""110071143963""}"
mil_99aae1ec-8207-4b2a-9818-b6d502123269,Radford Army Ammunition Plant,military_base,37.18055600,-80.54111100,VA,BTS_MIL_BASES,"{""site_operational_status"":""act"",""reporting_component"":""usa"",""coord_match_method"":""frs_state_name_exact"",""matched_frs_name"":""RADFORD ARMY AMMUNITION PLANT"",""matched_frs_registry_id"":""110000601867""}"
mil_0f7cb3aa-db59-4491-9e14-85829173b8df,Redstone Arsenal,military_base,34.67623300,-86.67970800,AL,BTS_MIL_BASES,"{""site_operational_status"":""act"",""reporting_component"":""usa"",""coord_match_method"":""frs_state_name_exact"",""matched_frs_name"":""REDSTONE ARSENAL"",""matched_frs_registry_id"":""110020837601""}"
mil_90ad5a1d-3966-407a-87d5-337efb07a62b,Fort Detrick Forest Glen Annex,military_base,38.99185900,-77.01840400,MD,BTS_MIL_BASES,"{""site_operational_status"":""act"",""reporting_component"":""usa"",""coord_match_method"":""frs_state_name_exact"",""matched_frs_name"":""FORT DETRICK- FOREST GLEN ANNEX"",""matched_frs_registry_id"":""110033157027""}"
mil_09889a49-6407-46da-95d3-517023dd7350,Sierra Army Depot,military_base,40.13567500,-120.16941000,CA,BTS_MIL_BASES,"{""site_operational_status"":""act"",""reporting_component"":""usa"",""coord_match_method"":""frs_state_name_exact"",""matched_frs_name"":""SIERRA ARMY DEPOT"",""matched_frs_registry_id"":""110041960722""}"
mil_1ad64760-bd3a-4c56-b93f-29bdf3f7458d,Tripler Army Medical Center,military_base,21.35614000,-157.89382000,HI,BTS_MIL_BASES,"{""site_operational_status"":""act"",""reporting_component"":""usa"",""coord_match_method"":""frs_state_name_canonical"",""matched_frs_name"":""TRIPLER ARMY MEDICAL CTR"",""matched_frs_registry_id"":""110001137573""}"
mil_cd950341-c713-4523-8760-20fe8b089d85,Muscatatuck Urban Training Center,military_base,39.04728000,-85.52876000,IN,BTS_MIL_BASES,"{""site_operational_status"":""act"",""reporting_component"":""armyNationalGuard"",""coord_match_method"":""frs_state_name_exact"",""matched_frs_name"":""MUSCATATUCK URBAN TRAINING CENTER"",""matched_frs_registry_id"":""110028090562""}"
mil_612f193c-193e-450f-8fc1-7c1c5b3c1bb1,Fort Bragg,military_base,35.15211500,-78.99890700,NC,BTS_MIL_BASES,"{""site_operational_status"":""act"",""reporting_component"":""usa"",""coord_match_method"":""frs_state_name_exact"",""matched_frs_name"":""FORT BRAGG"",""matched_frs_registry_id"":""110022568247""}"
mil_98ea3dbd-81ac-4ed4-a08e-05ce34b2df9f,Tinker Air Force Base,military_base,35.41300000,-97.38800000,OK,BTS_MIL_BASES,"{""site_operational_status"":""act"",""reporting_component"":""usaf"",""coord_match_method"":""frs_state_name_exact"",""matched_frs_name"":""TINKER AIR FORCE BASE"",""matched_frs_registry_id"":""110000454099""}"
mil_09d6cb45-c42e-4005-ad6c-626b186768c6,Dover Air Force Base,military_base,39.13611100,-75.48861100,DE,BTS_MIL_BASES,"{""site_operational_status"":""act"",""reporting_component"":""usaf"",""coord_match_method"":""frs_state_name_exact"",""matched_frs_name"":""DOVER AIR FORCE BASE"",""matched_frs_registry_id"":""110041215716""}"
mil_334ed856-c6ee-47c8-b396-a92d2aa86719,Keesler AFB,military_base,30.41130000,-88.92360000,MS,BTS_MIL_BASES,"{""site_operational_status"":""act"",""reporting_component"":""usaf"",""coord_match_method"":""frs_state_name_exact"",""matched_frs_name"":""KEESLER AFB"",""matched_frs_registry_id"":""110071871060""}"
mil_5c996b7c-a1e7-458c-8123-d7d95c55ebcb,Dyess Air Force Base,military_base,32.41860000,-99.81970000,TX,BTS_MIL_BASES,"{""site_operational_status"":""act"",""reporting_component"":""usaf"",""coord_match_method"":""frs_state_name_exact"",""matched_frs_name"":""DYESS AIR FORCE BASE"",""matched_frs_registry_id"":""110070748232""}"
mil_03c93045-001f-4d4a-98e1-c4e7b6ba51fa,Grissom ARB,military_base,40.65481500,-86.15563600,IN,BTS_MIL_BASES,"{""site_operational_status"":""act"",""reporting_component"":""afr"",""coord_match_method"":""frs_state_name_exact"",""matched_frs_name"":""GRISSOM ARB"",""matched_frs_registry_id"":""110071863474""}"
mil_157bdbad-24e0-4f6a-bb9f-ae36c6eacf0d,Moody Air Force Base,military_base,30.88016000,-83.27441000,GA,BTS_MIL_BASES,"{""site_operational_status"":""act"",""reporting_component"":""usaf"",""coord_match_method"":""frs_state_name_exact"",""matched_frs_name"":""MOODY AIR FORCE BASE"",""matched_frs_registry_id"":""110064242546""}"
mil_2c27b8a2-31e4-4255-9dd4-3ff8212cadba,Whiteman Air Force Base,military_base,38.72375400,-93.56511700,MO,BTS_MIL_BASES,"{""site_operational_status"":""act"",""reporting_component"":""usaf"",""coord_match_method"":""frs_state_name_exact"",""matched_frs_name"":""WHITEMAN AIR FORCE BASE"",""matched_frs_registry_id"":""110017985073""}"
mil_67f2a8aa-14e4-4fa1-a63c-f9e5ebedc243,Hanscom Air Force Base,military_base,42.46528000,-71.27642000,MA,BTS_MIL_BASES,"{""site_operational_status"":""act"",""reporting_component"":""usaf"",""coord_match_method"":""frs_state_name_exact"",""matched_frs_name"":""HANSCOM AIR FORCE BASE"",""matched_frs_registry_id"":""110071326124""}"
mil_e5bd8b01-78f2-4ba3-a9f6-8b31b0ab18de,Wright-Patterson Air Force Base,military_base,39.80710000,-84.06970000,OH,BTS_MIL_BASES,"{""site_operational_status"":""act"",""reporting_component"":""usaf"",""coord_match_method"":""frs_state_name_exact"",""matched_frs_name"":""WRIGHT-PATTERSON AIR FORCE BASE"",""matched_frs_registry_id"":""110001987958""}"
mil_0f28e5aa-c092-45a6-b55e-b771a87a84c2,McConnell AFB,military_base,37.36329000,-97.63448000,KS,BTS_MIL_BASES,"{""site_operational_status"":""act"",""reporting_component"":""usaf"",""coord_match_method"":""frs_state_name_exact"",""matched_frs_name"":""MCCONNELL AFB"",""matched_frs_registry_id"":""110014371223""}"
mil_912340d1-ee2c-4f39-8a07-38075863d6a8,Barksdale Air Force Base,military_base,32.49777800,-93.69055600,LA,BTS_MIL_BASES,"{""site_operational_status"":""act"",""reporting_component"":""usaf"",""coord_match_method"":""frs_state_name_exact"",""matched_frs_name"":""BARKSDALE AIR FORCE BASE"",""matched_frs_registry_id"":""110070724121""}"
mil_63a3e6a3-39b4-46f0-bfa4-ede34cf6d158,Little Rock Air Force Base,military_base,34.88833300,-92.11083300,AR,BTS_MIL_BASES,"{""site_operational_status"":""act"",""reporting_component"":""usaf"",""coord_match_method"":""frs_state_name_exact"",""matched_frs_name"":""LITTLE ROCK AIR FORCE BASE"",""matched_frs_registry_id"":""110032941976""}"
mil_d8d12f68-6321-44c7-8bd1-afcda0dbcd4e,Sheppard AFB,military_base,33.97852600,-98.51573400,TX,BTS_MIL_BASES,"{""site_operational_status"":""act"",""reporting_component"":""usaf"",""coord_match_method"":""frs_state_name_exact"",""matched_frs_name"":""SHEPPARD AFB"",""matched_frs_registry_id"":""110031503950""}"
mil_bcd63136-38d1-4f59-9530-240ac980b247,Laughlin AFB,military_base,29.21520000,-100.47440000,TX,BTS_MIL_BASES,"{""site_operational_status"":""act"",""reporting_component"":""usaf"",""coord_match_method"":""frs_state_name_exact"",""matched_frs_name"":""LAUGHLIN AFB"",""matched_frs_registry_id"":""110070502597""}"
mil_1a745541-cd54-49a6-aab7-167c3ae54621,Hill Air Force Base,military_base,41.12854700,-111.99064300,UT,BTS_MIL_BASES,"{""site_operational_status"":""act"",""reporting_component"":""usaf"",""coord_match_method"":""frs_state_name_exact"",""matched_frs_name"":""HILL AIR FORCE BASE"",""matched_frs_registry_id"":""110020078529""}"
mil_ca5be2c9-00e1-432f-953c-618eca04cb84,Eglin Air Force Base,military_base,30.62359000,-87.03642000,FL,BTS_MIL_BASES,"{""site_operational_status"":""act"",""reporting_component"":""usaf"",""coord_match_method"":""frs_state_name_exact"",""matched_frs_name"":""EGLIN AIR FORCE BASE"",""matched_frs_registry_id"":""110035461559""}"
mil_36667962-6fd6-46c4-9fe4-5867b19560b0,Tyndall Air Force Base,military_base,30.06797600,-85.59208900,FL,BTS_MIL_BASES,"{""site_operational_status"":""act"",""reporting_component"":""usaf"",""coord_match_method"":""frs_state_name_exact"",""matched_frs_name"":""TYNDALL AIR FORCE BASE"",""matched_frs_registry_id"":""110032814355""}"
mil_14c2c816-8718-4674-ab09-bb814584d292,W K Kellogg,military_base,42.30920000,-85.24830000,MI,BTS_MIL_BASES,"{""site_operational_status"":""act"",""reporting_component"":""airNationalGuard"",""coord_match_method"":""frs_state_name_exact"",""matched_frs_name"":""W K KELLOGG"",""matched_frs_registry_id"":""110038071270""}"
mil_b1781acd-0a9d-49f5-924a-2c0599a1aeb2,Hurlburt Field,military_base,30.42780000,-86.68930000,FL,BTS_MIL_BASES,"{""site_operational_status"":""act"",""reporting_component"":""usaf"",""coord_match_method"":""frs_state_name_exact"",""matched_frs_name"":""HURLBURT FIELD"",""matched_frs_registry_id"":""110041587020""}"
mil_0572936d-3324-4b92-a87f-40a6b8a93691,Joint Base Andrews,military_base,38.80559000,-76.87986000,MD,BTS_MIL_BASES,"{""site_operational_status"":""act"",""reporting_component"":""usaf"",""coord_match_method"":""frs_state_name_exact"",""matched_frs_name"":""JOINT BASE ANDREWS"",""matched_frs_registry_id"":""110070057475""}"
mil_b63315bd-47fa-4e4b-9a9a-59a4412da0b0,Vance Air Force Base,military_base,36.33967700,-97.90387600,OK,BTS_MIL_BASES,"{""site_operational_status"":""act"",""reporting_component"":""usaf"",""coord_match_method"":""frs_state_name_exact"",""matched_frs_name"":""VANCE AIR FORCE BASE"",""matched_frs_registry_id"":""110000816421""}"
mil_bac7dada-62a7-48c2-ac76-c1359283fcf4,Mountain Home Air Force Base,military_base,43.04805000,-115.86470000,ID,BTS_MIL_BASES,"{""site_operational_status"":""act"",""reporting_component"":""usaf"",""coord_match_method"":""frs_state_name_exact"",""matched_frs_name"":""MOUNTAIN HOME AIR FORCE BASE"",""matched_frs_registry_id"":""110071102522""}"
mil_f9ce8538-9c48-428c-825b-68f78c6038ed,Arnold Air Force Base,military_base,35.38200000,-86.04500000,TN,BTS_MIL_BASES,"{""site_operational_status"":""act"",""reporting_component"":""usaf"",""coord_match_method"":""frs_state_name_exact"",""matched_frs_name"":""ARNOLD AIR FORCE BASE"",""matched_frs_registry_id"":""110071514524""}"
mil_598557e4-9430-4cde-872e-aa93676f5fd3,Scott Air Force Base,military_base,38.54388800,-89.85230100,IL,BTS_MIL_BASES,"{""site_operational_status"":""act"",""reporting_component"":""usaf"",""coord_match_method"":""frs_state_name_exact"",""matched_frs_name"":""SCOTT AIR FORCE BASE"",""matched_frs_registry_id"":""110000438964""}"
mil_049feb34-6c2d-4a6f-b3f3-2cf8e78ed47d,Holloman Air Force Base,military_base,32.84555600,-106.08250000,NM,BTS_MIL_BASES,"{""site_operational_status"":""act"",""reporting_component"":""usaf"",""coord_match_method"":""frs_state_name_exact"",""matched_frs_name"":""HOLLOMAN AIR FORCE BASE"",""matched_frs_registry_id"":""110042049253""}"
mil_63e2eb38-e694-424b-b851-31622280c6ce,Los Angeles Air Force Base,military_base,33.91806600,-118.38290000,CA,BTS_MIL_BASES,"{""site_operational_status"":""act"",""reporting_component"":""usaf"",""coord_match_method"":""frs_state_name_exact"",""matched_frs_name"":""LOS ANGELES AIR FORCE BASE"",""matched_frs_registry_id"":""110000886284""}"
mil_9b9b7213-5a11-4682-9671-2fd9e83eb34f,Niagara Falls,military_base,43.08216000,-79.00099000,NY,BTS_MIL_BASES,"{""site_operational_status"":""act"",""reporting_component"":""afr"",""coord_match_method"":""frs_state_name_exact"",""matched_frs_name"":""NIAGARA FALLS"",""matched_frs_registry_id"":""110020823377""}"
mil_a47ea48c-375b-4d57-b395-f4be2c2b536e,MacDill Air Force Base,military_base,27.84000300,-82.51947400,FL,BTS_MIL_BASES,"{""site_operational_status"":""act"",""reporting_component"":""usaf"",""coord_match_method"":""frs_state_name_exact"",""matched_frs_name"":""MACDILL AIR FORCE BASE"",""matched_frs_registry_id"":""110020175594""}"
mil_5777178e-f883-4029-9994-0e10420d9929,Columbus Air Force Base,military_base,33.62280900,-88.44469100,MS,BTS_MIL_BASES,"{""site_operational_status"":""act"",""reporting_component"":""usaf"",""coord_match_method"":""frs_state_name_exact"",""matched_frs_name"":""COLUMBUS AIR FORCE BASE"",""matched_frs_registry_id"":""110044414808""}"
mil_cfed841c-2342-4417-ba7a-16bdb6fa9349,Marine Corps Logistics Base Albany,military_base,31.55069800,-84.06379900,GA,BTS_MIL_BASES,"{""site_operational_status"":""act"",""reporting_component"":""usmc"",""coord_match_method"":""frs_state_name_canonical"",""matched_frs_name"":""US MARINE CORPS LOGISTICS BASE ALBANY"",""matched_frs_registry_id"":""110000360939""}"
mil_06b3cc7c-d6e1-4d81-bd53-9941a10d9a52,Bridgeport,military_base,38.35929800,-119.51269400,CA,BTS_MIL_BASES,"{""site_operational_status"":""act"",""reporting_component"":""usmc"",""coord_match_method"":""frs_state_name_exact"",""matched_frs_name"":""BRIDGEPORT"",""matched_frs_registry_id"":""110070092354""}"
mil_0c82fb47-d16b-44c9-95bc-a172ea24eddc,Marine Corps Air Station Cherry Point,military_base,34.91010000,-76.89700000,NC,BTS_MIL_BASES,"{""site_operational_status"":""act"",""reporting_component"":""usmc"",""coord_match_method"":""frs_state_name_exact"",""matched_frs_name"":""MARINE CORPS AIR STATION - CHERRY POINT"",""matched_frs_registry_id"":""110071871008""}"
mil_8c0d6d10-8698-422c-82a6-e4ee257600ff,Marine Corps Air Station New River,military_base,34.71666700,-77.43416700,NC,BTS_MIL_BASES,"{""site_operational_status"":""act"",""reporting_component"":""usmc"",""coord_match_method"":""frs_state_name_exact"",""matched_frs_name"":""MARINE CORPS AIR STATION NEW RIVER"",""matched_frs_registry_id"":""110041995204""}"
mil_daa9bfbb-b04a-4748-ac29-770fb9b00aef,Pacific Missile Range Facility,military_base,21.43333300,-157.76000000,HI,BTS_MIL_BASES,"{""site_operational_status"":""act"",""reporting_component"":""usn"",""coord_match_method"":""frs_state_name_exact"",""matched_frs_name"":""PACIFIC MISSILE RANGE FACILITY"",""matched_frs_registry_id"":""110046188647""}"
mil_bbb4062d-b867-4714-a695-4a49cd716f11,Naval Submarine Base New London,military_base,41.39851700,-72.08723100,CT,BTS_MIL_BASES,"{""site_operational_status"":""act"",""reporting_component"":""usn"",""coord_match_method"":""frs_state_name_exact"",""matched_frs_name"":""NAVAL SUBMARINE BASE NEW LONDON"",""matched_frs_registry_id"":""110071161890""}"
mil_cb18728f-290f-43db-8eff-80f0b1717038,Naval Station Newport,military_base,41.52146000,-71.28628700,RI,BTS_MIL_BASES,"{""site_operational_status"":""act"",""reporting_component"":""usn"",""coord_match_method"":""frs_state_name_exact"",""matched_frs_name"":""NAVAL STATION NEWPORT"",""matched_frs_registry_id"":""110060346781""}"
mil_e8b29b16-abc7-4079-a498-91c9859f315b,Portsmouth Naval Shipyard,military_base,43.08416700,-70.74166600,ME,BTS_MIL_BASES,"{""site_operational_status"":""act"",""reporting_component"":""usn"",""coord_match_method"":""frs_state_name_exact"",""matched_frs_name"":""PORTSMOUTH NAVAL SHIPYARD"",""matched_frs_registry_id"":""110040852459""}"
mil_43981128-f3de-499f-9e85-6ee1b60463dc,Naval Weapons Station Yorktown,military_base,37.23330900,-76.54810100,VA,BTS_MIL_BASES,"{""site_operational_status"":""act"",""reporting_component"":""usn"",""coord_match_method"":""frs_state_name_exact"",""matched_frs_name"":""NAVAL WEAPONS STATION YORKTOWN"",""matched_frs_registry_id"":""110070727053""}"
mil_1f614ecd-baf1-4a09-8312-7a5608cef102,Fort Sheridan,military_base,42.21054000,-87.81122000,IL,BTS_MIL_BASES,"{""site_operational_status"":""act"",""reporting_component"":""usn"",""coord_match_method"":""frs_state_name_exact"",""matched_frs_name"":""FORT SHERIDAN"",""matched_frs_registry_id"":""110064441448""}"
mil_697cec17-38ee-4f84-aee6-4923cd709a79,Naval Station Norfolk,military_base,36.95070500,-76.31945400,VA,BTS_MIL_BASES,"{""site_operational_status"":""act"",""reporting_component"":""usn"",""coord_match_method"":""frs_state_name_exact"",""matched_frs_name"":""NAVAL STATION NORFOLK"",""matched_frs_registry_id"":""110070828225""}"
mil_4a5d0592-dc4f-4f2a-ba61-048010dd814b,Glenview,military_base,42.05495300,-87.82197600,IL,BTS_MIL_BASES,"{""site_operational_status"":""act"",""reporting_component"":""usn"",""coord_match_method"":""frs_state_name_exact"",""matched_frs_name"":""GLENVIEW"",""matched_frs_registry_id"":""110028080653""}"
mil_66694b4d-ffb7-459a-8738-802baf906e4b,Selfridge ANGB,military_base,42.60087000,-82.83714000,MI,BTS_MIL_BASES,"{""site_operational_status"":""act"",""reporting_component"":""airNationalGuard"",""coord_match_method"":""frs_state_name_exact"",""matched_frs_name"":""SELFRIDGE ANGB"",""matched_frs_registry_id"":""110071870612""}"
mil_37d10a26-15cc-4821-8fea-1c28f5d15945,Naval Base Guam,military_base,13.42777000,144.65892900,GU,BTS_MIL_BASES,"{""site_operational_status"":""act"",""reporting_component"":""usn"",""coord_match_method"":""frs_state_name_canonical"",""matched_frs_name"":""U.S. NAVAL BASE GUAM"",""matched_frs_registry_id"":""110066871497""}"
mil_e0f83785-4806-4c71-8c37-0db8f68b818f,Andersen Air Force Base,military_base,13.57291600,144.89736100,GU,BTS_MIL_BASES,"{""site_operational_status"":""act"",""reporting_component"":""usn"",""coord_match_method"":""frs_state_name_exact"",""matched_frs_name"":""ANDERSEN AIR FORCE BASE"",""matched_frs_registry_id"":""110022811778""}"
mil_8aada513-9d6f-48c6-a1be-2ac53ac4628b,Naval Base Kitsap Bangor,military_base,47.72100000,-122.73779000,WA,BTS_MIL_BASES,"{""site_operational_status"":""act"",""reporting_component"":""usn"",""coord_match_method"":""frs_state_name_canonical"",""matched_frs_name"":""NAVAL BASE KITSAP AT BANGOR"",""matched_frs_registry_id"":""110070727050""}"
mil_7dd3b264-4aeb-4726-b8b6-b148b4d3b9fb,Naval Air Station Meridian,military_base,32.55100000,-88.60500000,MS,BTS_MIL_BASES,"{""site_operational_status"":""act"",""reporting_component"":""usn"",""coord_match_method"":""frs_state_name_exact"",""matched_frs_name"":""NAVAL AIR STATION, MERIDIAN"",""matched_frs_registry_id"":""110002228027""}"
mil_c83a360f-7e6b-417d-b335-b94b7de34fa9,Truman Annex,military_base,24.55698000,-81.80659000,FL,BTS_MIL_BASES,"{""site_operational_status"":""act"",""reporting_component"":""usn"",""coord_match_method"":""frs_state_name_exact"",""matched_frs_name"":""TRUMAN ANNEX"",""matched_frs_registry_id"":""110027948728""}"
mil_b01b44b8-190c-4bb0-bee0-5feb29755fe9,Naval Air Station Corpus Christi,military_base,27.70363700,-97.28528600,TX,BTS_MIL_BASES,"{""site_operational_status"":""act"",""reporting_component"":""usn"",""coord_match_method"":""frs_state_name_exact"",""matched_frs_name"":""NAVAL AIR STATION CORPUS CHRISTI"",""matched_frs_registry_id"":""110000465078""}"
mil_e76a360f-4128-4bcf-8371-8af3876cd2d6,NOLF Summerdale,military_base,30.50916700,-87.65305600,AL,BTS_MIL_BASES,"{""site_operational_status"":""act"",""reporting_component"":""usn"",""coord_match_method"":""frs_state_name_exact"",""matched_frs_name"":""NOLF SUMMERDALE"",""matched_frs_registry_id"":""110054910478""}"
mil_58a5b71b-2911-4c59-8ca3-b854086c8b5e,Naval Submarine Base Kings Bay,military_base,30.79247000,-81.55931900,GA,BTS_MIL_BASES,"{""site_operational_status"":""act"",""reporting_component"":""usn"",""coord_match_method"":""frs_state_name_exact"",""matched_frs_name"":""NAVAL SUBMARINE BASE KINGS BAY"",""matched_frs_registry_id"":""110028019141""}"
mil_629bff2c-4b43-498e-9d8d-a4ff363aded6,National City,military_base,32.67235000,-117.10558000,CA,BTS_MIL_BASES,"{""site_operational_status"":""act"",""reporting_component"":""usn"",""coord_match_method"":""frs_state_name_canonical"",""matched_frs_name"":""NATIONAL CITY OF"",""matched_frs_registry_id"":""110038872958""}"
mil_5d5659c2-3b01-44ac-961c-9902b2cd1458,Santa Cruz Island,military_base,33.98960000,-119.68060000,CA,BTS_MIL_BASES,"{""site_operational_status"":""act"",""reporting_component"":""usn"",""coord_match_method"":""frs_state_name_exact"",""matched_frs_name"":""SANTA CRUZ ISLAND"",""matched_frs_registry_id"":""110041448797""}"
mil_a1791bb8-bcaa-4bd1-9e4c-4c6e7aeae689,Naval Air Weapons Station China Lake,military_base,35.68771000,-117.68137000,CA,BTS_MIL_BASES,"{""site_operational_status"":""act"",""reporting_component"":""usn"",""coord_match_method"":""frs_state_name_exact"",""matched_frs_name"":""NAVAL AIR WEAPONS STATION CHINA LAKE"",""matched_frs_registry_id"":""110070699853""}"
mil_39123ab7-1504-47f4-8fb0-20c65887a119,Naval Base San Diego,military_base,32.68469300,-117.13042400,CA,BTS_MIL_BASES,"{""site_operational_status"":""act"",""reporting_component"":""usn"",""coord_match_method"":""frs_state_name_exact"",""matched_frs_name"":""NAVAL BASE SAN DIEGO"",""matched_frs_registry_id"":""110017760573""}"
mil_fb9b9195-8540-4434-8d42-c039f1285b9f,Naval Air Station Patuxent River,military_base,38.27550300,-76.43818300,MD,BTS_MIL_BASES,"{""site_operational_status"":""act"",""reporting_component"":""usn"",""coord_match_method"":""frs_state_name_exact"",""matched_frs_name"":""NAVAL AIR STATION PATUXENT RIVER"",""matched_frs_registry_id"":""110011748118""}"
mil_93775c78-bcb0-49cf-8611-4997235e81cf,Naval Observatory,military_base,38.92454000,-77.06751000,DC,BTS_MIL_BASES,"{""site_operational_status"":""act"",""reporting_component"":""usn"",""coord_match_method"":""frs_state_name_canonical"",""matched_frs_name"":""US NAVAL OBSERVATORY"",""matched_frs_registry_id"":""110000787293""}"
mil_fa9b2721-9024-4013-bc19-e4709706bd43,Naval Support Facility Dahlgren,military_base,38.33071700,-77.04521000,VA,BTS_MIL_BASES,"{""site_operational_status"":""act"",""reporting_component"":""usn"",""coord_match_method"":""frs_state_name_exact"",""matched_frs_name"":""NAVAL SUPPORT FACILITY DAHLGREN"",""matched_frs_registry_id"":""110070080554""}"
mil_c05174f6-62ee-435a-b093-28c5a785ee9d,Naval Research Laboratory,military_base,38.82274700,-77.01737800,DC,BTS_MIL_BASES,"{""site_operational_status"":""act"",""reporting_component"":""usn"",""coord_match_method"":""frs_state_name_exact"",""matched_frs_name"":""NAVAL RESEARCH LABORATORY"",""matched_frs_registry_id"":""110028896167""}"
mil_73097ac8-bef9-4948-9df2-0c1e0f8ee770,Naval Support Facility Indian Head,military_base,38.58690000,-77.17310000,MD,BTS_MIL_BASES,"{""site_operational_status"":""act"",""reporting_component"":""usn"",""coord_match_method"":""frs_state_name_exact"",""matched_frs_name"":""NAVAL SUPPORT FACILITY, INDIAN HEAD"",""matched_frs_registry_id"":""110056026189""}"
mil_c140c92c-16f5-47b4-a632-6db1acc2ba00,Naval Base Point Loma,military_base,32.68601100,-117.23974200,CA,BTS_MIL_BASES,"{""site_operational_status"":""act"",""reporting_component"":""usn"",""coord_match_method"":""frs_state_name_canonical"",""matched_frs_name"":""US NAVAL BASE POINT LOMA"",""matched_frs_registry_id"":""110066316588""}"
mil_b6950fdf-82c2-4ac3-8f3f-bf6795cc0815,Ellsworth AFB,military_base,44.14510000,-103.10360000,SD,BTS_MIL_BASES,"{""site_operational_status"":""act"",""reporting_component"":""usaf"",""coord_match_method"":""frs_state_name_exact"",""matched_frs_name"":""ELLSWORTH AFB"",""matched_frs_registry_id"":""110041392016""}"
mil_7cc3aa3f-7e5e-4e21-a783-16f2631a4b34,Eareckson Air Station,military_base,52.71225800,174.11358900,AK,BTS_MIL_BASES,"{""site_operational_status"":""act"",""reporting_component"":""usaf"",""coord_match_method"":""frs_state_name_exact"",""matched_frs_name"":""EARECKSON AIR STATION"",""matched_frs_registry_id"":""110071875872""}"
mil_9401625c-d494-48db-8550-7d2588a66218,Alpena County Regional Airport,military_base,45.07003000,-83.56828000,MI,BTS_MIL_BASES,"{""site_operational_status"":""act"",""reporting_component"":""airNationalGuard"",""coord_match_method"":""frs_state_name_exact"",""matched_frs_name"":""ALPENA COUNTY REGIONAL AIRPORT"",""matched_frs_registry_id"":""110011118593""}"
mil_a5a57bc8-c08d-490d-89af-458782cce75f,Point Arena Air Force Station,military_base,38.89110000,-123.55010000,CA,BTS_MIL_BASES,"{""site_operational_status"":""care"",""reporting_component"":""usaf"",""coord_match_method"":""frs_state_name_exact"",""matched_frs_name"":""POINT ARENA AIR FORCE STATION"",""matched_frs_registry_id"":""110013965637""}"
mil_5159a88e-2f75-4ed8-b0fc-b588890b3856,Malmstrom Air Force Base,military_base,47.51618500,-111.19059400,MT,BTS_MIL_BASES,"{""site_operational_status"":""act"",""reporting_component"":""usaf"",""coord_match_method"":""frs_state_name_canonical"",""matched_frs_name"":""US MALMSTROM AIR FORCE BASE"",""matched_frs_registry_id"":""110002124433""}"
mil_5aedcd83-1ac8-49e8-848a-772fe47810d3,McEntire Joint National Guard Base,military_base,33.93670600,-80.80051500,SC,BTS_MIL_BASES,"{""site_operational_status"":""act"",""reporting_component"":""airNationalGuard"",""coord_match_method"":""frs_state_name_exact"",""matched_frs_name"":""MCENTIRE JOINT NATIONAL GUARD BASE"",""matched_frs_registry_id"":""110070751236""}"
mil_f4c64ce8-78d9-4d54-8eed-3b7ccbff35ef,Minot Air Force Base,military_base,47.96729500,-100.58069000,ND,BTS_MIL_BASES,"{""site_operational_status"":""act"",""reporting_component"":""usaf"",""coord_match_method"":""frs_state_name_exact"",""matched_frs_name"":""MINOT AIR FORCE BASE"",""matched_frs_registry_id"":""110056200873""}"
mil_ff3815c0e6f1253d,Capital Airport,military_base,39.84472100,-89.66912300,IL,BTS_MIL_BASES,"{""site_operational_status"":""act"",""reporting_component"":""airNationalGuard"",""coord_match_method"":""frs_state_name_exact"",""matched_frs_name"":""CAPITAL AIRPORT"",""matched_frs_registry_id"":""110060276455""}"
mil_f5267148fd600634,Quonset State Airport,military_base,41.59335200,-71.41413400,RI,BTS_MIL_BASES,"{""site_operational_status"":""act"",""reporting_component"":""airNationalGuard"",""coord_match_method"":""frs_state_name_exact"",""matched_frs_name"":""QUONSET STATE AIRPORT"",""matched_frs_registry_id"":""110070038511""}"
mil_d53e26e24d556630,Cheyenne Regional Airport,military_base,41.15319000,-104.82082000,WY,BTS_MIL_BASES,"{""site_operational_status"":""act"",""reporting_component"":""airNationalGuard"",""coord_match_method"":""frs_state_name_exact"",""matched_frs_name"":""CHEYENNE REGIONAL AIRPORT"",""matched_frs_registry_id"":""110024267737""}"
mil_b89311daa5b8fa79,Joe Foss Field,military_base,43.57280000,-96.75390000,SD,BTS_MIL_BASES,"{""site_operational_status"":""act"",""reporting_component"":""airNationalGuard"",""coord_match_method"":""frs_state_name_exact"",""matched_frs_name"":""JOE FOSS FIELD"",""matched_frs_registry_id"":""110071870593""}"
mil_8689e371ecdf676e,Martin State Airport,military_base,39.33359000,-76.43471000,MD,BTS_MIL_BASES,"{""site_operational_status"":""act"",""reporting_component"":""airNationalGuard"",""coord_match_method"":""frs_state_name_exact"",""matched_frs_name"":""MARTIN STATE AIRPORT"",""matched_frs_registry_id"":""110006560248""}"
mil_fed44f7f48cd4db1,Will Rogers World Airport,military_base,35.39613100,-97.59675200,OK,BTS_MIL_BASES,"{""site_operational_status"":""act"",""reporting_component"":""airNationalGuard"",""coord_match_method"":""frs_state_name_exact"",""matched_frs_name"":""WILL ROGERS WORLD AIRPORT"",""matched_frs_registry_id"":""110022580232""}"
mil_4a5cde1dceed0c6e,Boise Air Terminal,military_base,43.56137700,-116.22825700,ID,BTS_MIL_BASES,"{""site_operational_status"":""act"",""reporting_component"":""airNationalGuard"",""coord_match_method"":""frs_state_name_exact"",""matched_frs_name"":""BOISE AIR TERMINAL"",""matched_frs_registry_id"":""110000833233""}"
mil_fac0d1bcc85976f9,Air Force Plant 42,military_base,34.64594500,-118.09438000,CA,BTS_MIL_BASES,"{""site_operational_status"":""act"",""reporting_component"":""usaf"",""coord_match_method"":""frs_state_name_exact"",""matched_frs_name"":""AIR FORCE PLANT 42"",""matched_frs_registry_id"":""110006488327""}"
mil_00000000-0000-0000-0000-000000000000,Joint Base Anacostia-Bolling,military_base,38.85156500,-77.01586000,DC,BTS_MIL_BASES,"{""site_operational_status"":""act"",""reporting_component"":""usaf"",""coord_match_method"":""frs_state_name_exact"",""matched_frs_name"":""JOINT BASE ANACOSTIA-BOLLING"",""matched_frs_registry_id"":""110071067751""}"
mil_68e623ef-da4a-45df-89f7-70f7a4336f4b,Joint Base Elmendorf-Richardson,military_base,61.26968400,-149.76287800,AK,BTS_MIL_BASES,"{""site_operational_status"":""act"",""reporting_component"":""usaf"",""coord_match_method"":""frs_state_name_exact"",""matched_frs_name"":""JOINT BASE ELMENDORF-RICHARDSON"",""matched_frs_registry_id"":""110060333928""}"
mil_474ea3b8-9ddc-4adf-892b-c17634aaa220,Joint Base Lewis-McChord,military_base,47.09019600,-122.60985700,WA,BTS_MIL_BASES,"{""site_operational_status"":""act"",""reporting_component"":""usa"",""coord_match_method"":""frs_state_name_exact"",""matched_frs_name"":""JOINT BASE LEWIS MCCHORD"",""matched_frs_registry_id"":""110070745602""}"
mil_7e9feba9-bb9c-4618-8d59-8f2a358eed05,Joint Base McGuire-Dix-Lakehurst,military_base,40.01805600,-74.59361100,NJ,BTS_MIL_BASES,"{""site_operational_status"":""act"",""reporting_component"":""usaf"",""coord_match_method"":""frs_state_name_exact"",""matched_frs_name"":""JOINT BASE MCGUIRE-DIX-LAKEHURST"",""matched_frs_registry_id"":""110032902009""}"
mil_ca575806-c68a-45cc-ad65-9ce6b8996403,Joint Base Pearl Harbor-Hickam,military_base,21.35031600,-157.95579100,HI,BTS_MIL_BASES,"{""site_operational_status"":""act"",""reporting_component"":""usn"",""coord_match_method"":""frs_state_name_exact"",""matched_frs_name"":""JOINT BASE PEARL HARBOR-HICKAM"",""matched_frs_registry_id"":""110027175624""}"
mil_8c504252-e056-4a4f-a90e-06e9736fe49d,Aberdeen Proving Ground,military_base,39.48120600,-76.13644800,MD,BTS_MIL_BASES,"{""site_operational_status"":""act"",""reporting_component"":""usa"",""coord_match_method"":""frs_state_name_exact"",""matched_frs_name"":""ABERDEEN PROVING GROUND"",""matched_frs_registry_id"":""110071164702""}"
mil_4492525c-3c1f-4330-8273-68bb20ab2cf6,Altus Air Force Base,military_base,34.66039700,-99.28445400,OK,BTS_MIL_BASES,"{""site_operational_status"":""act"",""reporting_component"":""usaf"",""coord_match_method"":""frs_state_name_exact"",""matched_frs_name"":""ALTUS AIR FORCE BASE"",""matched_frs_registry_id"":""110042090082""}"
mil_8b3e497b-2828-49bc-a61e-982e8416b74b,Goodfellow Air Force Base,military_base,31.43190000,-100.41080000,TX,BTS_MIL_BASES,"{""site_operational_status"":""act"",""reporting_component"":""usaf"",""coord_match_method"":""frs_state_name_exact"",""matched_frs_name"":""GOODFELLOW AIR FORCE BASE"",""matched_frs_registry_id"":""110033815147""}"
mil_ed479e64-4b79-457e-b7c1-43e2c852f00a,Beale Air Force Base,military_base,39.08916700,-121.42444400,CA,BTS_MIL_BASES,"{""site_operational_status"":""act"",""reporting_component"":""usaf"",""coord_match_method"":""frs_state_name_exact"",""matched_frs_name"":""BEALE AIR FORCE BASE"",""matched_frs_registry_id"":""110000781592""}"
mil_b71d81cb-836b-4ac9-ad4d-87bb85c9cc38,Creech Air Force Base,military_base,36.57812000,-115.66733000,NV,BTS_MIL_BASES,"{""site_operational_status"":""act"",""reporting_component"":""usaf"",""coord_match_method"":""frs_state_name_exact"",""matched_frs_name"":""CREECH AIR FORCE BASE"",""matched_frs_registry_id"":""110058903931""}"
mil_e87e33e9-c7c4-4de8-8ebb-d5c3f4baa36b,Edwards Air Force Base,military_base,34.90604400,-117.88250800,CA,BTS_MIL_BASES,"{""site_operational_status"":""act"",""reporting_component"":""usaf"",""coord_match_method"":""frs_state_name_exact"",""matched_frs_name"":""EDWARDS AIR FORCE BASE"",""matched_frs_registry_id"":""110033616120""}"
mil_53dee22c-1fb9-4fa0-b8c1-5b140d38f2e7,Eielson Air Force Base,military_base,64.66886300,-147.08774200,AK,BTS_MIL_BASES,"{""site_operational_status"":""act"",""reporting_component"":""usaf"",""coord_match_method"":""frs_state_name_exact"",""matched_frs_name"":""EIELSON AIR FORCE BASE"",""matched_frs_registry_id"":""110041255003""}"
mil_9b1e46ad-f05e-417b-ab34-298cd5ff7198,Fort Drum,military_base,44.22915700,-75.55294600,NY,BTS_MIL_BASES,"{""site_operational_status"":""act"",""reporting_component"":""usa"",""coord_match_method"":""frs_state_name_canonical"",""matched_frs_name"":""FORT DRUM - US MILITARY"",""matched_frs_registry_id"":""110019723879""}"
mil_4d1c3e8e-fe37-4e4b-a3bf-64d8e5c9b4a7,Shaw Air Force Base,military_base,33.96171600,-80.46931200,SC,BTS_MIL_BASES,"{""site_operational_status"":""act"",""reporting_component"":""usaf"",""coord_match_method"":""frs_state_name_exact"",""matched_frs_name"":""SHAW AIR FORCE BASE"",""matched_frs_registry_id"":""110042348518""}"
mil_1518ed87-bcba-40c2-9445-0bedd2438d33,Luke AFB,military_base,33.53947900,-112.36500000,AZ,BTS_MIL_BASES,"{""site_operational_status"":""act"",""reporting_component"":""usaf"",""coord_match_method"":""frs_state_name_exact"",""matched_frs_name"":""LUKE AFB"",""matched_frs_registry_id"":""110039438061""}"
mil_d125b3b1-e29d-4c81-9f71-25f7547a1524,Marine Corps Base Camp Lejeune,military_base,34.67092100,-77.34860400,NC,BTS_MIL_BASES,"{""site_operational_status"":""act"",""reporting_component"":""usmc"",""coord_match_method"":""frs_state_name_canonical"",""matched_frs_name"":""US MARINE CORPS BASE CAMP LEJEUNE"",""matched_frs_registry_id"":""110043790216""}"
mil_72cb78ff-fd4f-4fef-92cd-b1d9e94b81a3,Nellis Air Force Base,military_base,36.09240000,-115.06443000,NV,BTS_MIL_BASES,"{""site_operational_status"":""act"",""reporting_component"":""usaf"",""coord_match_method"":""frs_state_name_exact"",""matched_frs_name"":""NELLIS AIR FORCE BASE"",""matched_frs_registry_id"":""110022501256""}"
mil_48d0b3a2-b551-4992-8ca9-dc871b8dbc80,Nevada Test and Training Range,military_base,34.92566000,-117.89794000,NV,BTS_MIL_BASES,"{""site_operational_status"":""act"",""reporting_component"":""usaf"",""coord_match_method"":""frs_state_name_exact"",""matched_frs_name"":""NEVADA TEST AND TRAINING RANGE"",""matched_frs_registry_id"":""110059857999""}"
mil_9686f3e8-eff0-4702-aca4-bc2401bfe26b,Picatinny Arsenal,military_base,40.94159900,-74.56058700,NJ,BTS_MIL_BASES,"{""site_operational_status"":""act"",""reporting_component"":""usa"",""coord_match_method"":""frs_state_name_exact"",""matched_frs_name"":""PICATINNY ARSENAL"",""matched_frs_registry_id"":""110070214066""}"
mil_01768caa-6363-499a-8860-a9bdaaf2c55e,Rock Island Arsenal,military_base,41.51811500,-90.54011400,IL,BTS_MIL_BASES,"{""site_operational_status"":""act"",""reporting_component"":""usa"",""coord_match_method"":""frs_state_name_exact"",""matched_frs_name"":""ROCK ISLAND ARSENAL"",""matched_frs_registry_id"":""110043808993""}"
mil_cc07cdc2-ce7c-4c73-ad72-9c85e72d0008,Travis Air Force Base,military_base,38.26445000,-121.93320000,CA,BTS_MIL_BASES,"{""site_operational_status"":""act"",""reporting_component"":""usaf"",""coord_match_method"":""frs_state_name_exact"",""matched_frs_name"":""TRAVIS AIR FORCE BASE"",""matched_frs_registry_id"":""110034137850""}"
mil_1ccdea73-29c7-4746-a726-03c01c467538,Cannon Air Force Base,military_base,34.39240000,-103.32857000,NM,BTS_MIL_BASES,"{""site_operational_status"":""act"",""reporting_component"":""usaf"",""coord_match_method"":""frs_state_name_exact"",""matched_frs_name"":""CANNON AIR FORCE BASE"",""matched_frs_registry_id"":""110042049262""}"
mil_554c1fec-ff19-4c84-bdb4-1e514c799272,Chocolate Mountain Aerial Gunnery Range,military_base,33.24180000,-115.49454000,CA,BTS_MIL_BASES,"{""site_operational_status"":""act"",""reporting_component"":""usmc"",""coord_match_method"":""frs_state_name_exact"",""matched_frs_name"":""CHOCOLATE MOUNTAIN AERIAL GUNNERY RANGE"",""matched_frs_registry_id"":""110066168998""}"
mil_fb1db2701b9bf1d8,Fort Greely,military_base,63.97767600,-145.74434000,AK,BTS_MIL_BASES,"{""site_operational_status"":""act"",""reporting_component"":""usa"",""coord_match_method"":""frs_state_name_canonical"",""matched_frs_name"":""FT. GREELY"",""matched_frs_registry_id"":""110071426723""}"
mil_f1347aa6e5e7e29a,Fort Leavenworth,military_base,39.33143000,-94.91710000,KS,BTS_MIL_BASES,"{""site_operational_status"":""act"",""reporting_component"":""usa"",""coord_match_method"":""frs_state_name_exact"",""matched_frs_name"":""FORT LEAVENWORTH"",""matched_frs_registry_id"":""110071662524""}"
mil_88bd2ec45e4e4e5b,Fort Wingate Depot Activity,military_base,35.47281600,-108.60044900,NM,BTS_MIL_BASES,"{""site_operational_status"":""act"",""reporting_component"":""usa"",""coord_match_method"":""frs_state_name_exact"",""matched_frs_name"":""FORT WINGATE DEPOT ACTIVITY"",""matched_frs_registry_id"":""110001141345""}"
mil_1987a55f2ffb0b5c,Hunter Army Airfield,military_base,31.85638800,-81.61611100,GA,BTS_MIL_BASES,"{""site_operational_status"":""act"",""reporting_component"":""usa"",""coord_match_method"":""frs_state_name_exact"",""matched_frs_name"":""HUNTER ARMY AIRFIELD"",""matched_frs_registry_id"":""110000788504""}"
mil_7c6c6120-7c7e-4a64-9574-f111afc697b1,Joint Base Charleston,military_base,32.89486000,-80.06849000,SC,BTS_MIL_BASES,"{""site_operational_status"":""act"",""reporting_component"":""usaf"",""coord_match_method"":""frs_state_name_exact"",""matched_frs_name"":""JOINT BASE CHARLESTON"",""matched_frs_registry_id"":""110071860996""}"
mil_79c36d5f-ef79-477d-b4e7-999821a8abe8,Joint Base Langley-Eustis,military_base,37.12127400,-76.60227400,VA,BTS_MIL_BASES,"{""site_operational_status"":""act"",""reporting_component"":""usaf"",""coord_match_method"":""frs_state_name_exact"",""matched_frs_name"":""JOINT BASE LANGLEY EUSTIS"",""matched_frs_registry_id"":""110000585395""}"
mil_b0553ebc-114f-4cdc-b2b4-67ef52107935,Kirtland Air Force Base,military_base,35.20476700,-106.76572000,NM,BTS_MIL_BASES,"{""site_operational_status"":""act"",""reporting_component"":""usaf"",""coord_match_method"":""frs_state_name_exact"",""matched_frs_name"":""KIRTLAND AIR FORCE BASE"",""matched_frs_registry_id"":""110015742758""}"
mil_36f00f07-deb4-4a00-911e-6737dcab30fc,Marine Corps Air Station Miramar,military_base,32.88223600,-117.14425200,CA,BTS_MIL_BASES,"{""site_operational_status"":""act"",""reporting_component"":""usmc"",""coord_match_method"":""frs_state_name_canonical"",""matched_frs_name"":""US MARINE CORPS AIR STATION MIRAMAR"",""matched_frs_registry_id"":""110002625954""}"
mil_39495eb3-d12c-464d-ac1e-0d74b62d7549,Marine Corps Base Camp Pendleton,military_base,33.20972100,-117.39440200,CA,BTS_MIL_BASES,"{""site_operational_status"":""act"",""reporting_component"":""usmc"",""coord_match_method"":""frs_state_name_canonical"",""matched_frs_name"":""MARINE CORPS CAMP PENDLETON"",""matched_frs_registry_id"":""110044871494""}"
mil_a63b65eb-1e95-40f1-b8a0-b99436d5f874,Marine Corps Base Hawaii,military_base,21.43863900,-157.75847200,HI,BTS_MIL_BASES,"{""site_operational_status"":""act"",""reporting_component"":""usmc"",""coord_match_method"":""frs_state_name_canonical"",""matched_frs_name"":""US MARINE CORPS BASE HAWAII"",""matched_frs_registry_id"":""110041973460""}"
mil_0f804688-c193-4542-84fc-ec2529b892f1,Marine Corps Base Quantico,military_base,38.51728900,-77.30155900,VA,BTS_MIL_BASES,"{""site_operational_status"":""act"",""reporting_component"":""usmc"",""coord_match_method"":""frs_state_name_exact"",""matched_frs_name"":""MARINE CORPS BASE QUANTICO"",""matched_frs_registry_id"":""110071819626""}"
mil_bc247b7d-dbc5-40e8-b439-9c5bb49f45d2,Marine Corps Logistics Base Barstow,military_base,34.87120200,-116.95004900,CA,BTS_MIL_BASES,"{""site_operational_status"":""act"",""reporting_component"":""usmc"",""coord_match_method"":""frs_state_name_canonical"",""matched_frs_name"":""US MARINE CORPS LOGISTICS BASE BARSTOW"",""matched_frs_registry_id"":""110070089130""}"
mil_bb439f5b-bdfb-42f6-853b-186bc76c6963,Townsend Bombing Range,military_base,31.55666000,-81.56944000,GA,BTS_MIL_BASES,"{""site_operational_status"":""act"",""reporting_component"":""usmc"",""coord_match_method"":""frs_state_name_exact"",""matched_frs_name"":""TOWNSEND BOMBING RANGE"",""matched_frs_registry_id"":""110021348905""}"
mil_887e51cf3eabab70,Watervliet Arsenal,military_base,42.72093000,-73.70692000,NY,BTS_MIL_BASES,"{""site_operational_status"":""act"",""reporting_component"":""usa"",""coord_match_method"":""frs_state_name_exact"",""matched_frs_name"":""WATERVLIET ARSENAL"",""matched_frs_registry_id"":""110070333353""}"
mil_ff36dda6d8fd94bc,Wheeler Army Airfield,military_base,21.47636600,-158.09857000,HI,BTS_MIL_BASES,"{""site_operational_status"":""act"",""reporting_component"":""usa"",""coord_match_method"":""frs_state_name_exact"",""matched_frs_name"":""WHEELER ARMY AIRFIELD"",""matched_frs_registry_id"":""110020686211""}"
mil_006637e8-5b0d-48a1-9b11-acc4c1247ab0,Patriot Golf Course,military_base,42.41197000,-71.10744000,MA,BTS_MIL_BASES,"{""site_operational_status"":""act"",""reporting_component"":""usaf"",""coord_match_method"":""frs_state_name_exact"",""matched_frs_name"":""PATRIOT GOLF COURSE"",""matched_frs_registry_id"":""110017619362""}"
mil_9f069e858038e8e4,Elmer E Fryar USARC,military_base,39.71834300,-104.98777800,CO,BTS_MIL_BASES,"{""site_operational_status"":""act"",""reporting_component"":""usar"",""coord_match_method"":""frs_state_name_exact"",""matched_frs_name"":""ELMER E. FRYAR USARC"",""matched_frs_registry_id"":""110071070098""}"
