id,name,category,lat,lon,state,source,metadata_json
superfund_ALD000400123,ANNISTON PCB SITE (MONSANTO CO),superfund,33.6516217,-85.8561971,AL,EPA FOIA-014,"{""coordinate_basis"":""address_geocoded"",""external_id"":""ALD000400123"",""npl_status"":null,""saa"":true,""sources"":[""EPA FOIA-014""]}"
superfund_AZD008397127,ASARCO HAYDEN PLANT,superfund,33.0080123,-110.7839719,AZ,EPA FOIA-014,"{""coordinate_basis"":""address_geocoded"",""external_id"":""AZD008397127"",""npl_status"":null,""saa"":true,""sources"":[""EPA FOIA-014""]}"
superfund_FLD980847016,BROWN'S DUMP,superfund,30.3649825,-81.6849726,FL,EPA FOIA-014,"{""coordinate_basis"":""address_geocoded"",""external_id"":""FLD980847016"",""npl_status"":null,""saa"":true,""sources"":[""EPA FOIA-014""]}"
superfund_FLD981931959,CASCADE PARK GASIFICATION PLANT,superfund,30.4344474,-84.2783042,FL,EPA FOIA-014,"{""coordinate_basis"":""address_geocoded"",""external_id"":""FLD981931959"",""npl_status"":null,""saa"":true,""sources"":[""EPA FOIA-014""]}"
superfund_FLD001704741,CORONET INDUSTRIES,superfund,27.9791859,-82.0772868,FL,EPA FOIA-014,"{""coordinate_basis"":""address_geocoded"",""external_id"":""FLD001704741"",""npl_status"":null,""saa"":true,""sources"":[""EPA FOIA-014""]}"
superfund_FLD043047653,"ITT-THOMPSON INDUSTRIES, INC",superfund,30.4727646,-83.4031952,FL,EPA FOIA-014,"{""coordinate_basis"":""address_geocoded"",""external_id"":""FLD043047653"",""npl_status"":null,""saa"":true,""sources"":[""EPA FOIA-014""]}"
superfund_FLSFN0407002,JACKSONVILLE ASH SITE,superfund,30.3447611,-81.6708766,FL,EPA FOIA-014,"{""coordinate_basis"":""address_geocoded"",""external_id"":""FLSFN0407002"",""npl_status"":null,""saa"":true,""sources"":[""EPA FOIA-014""]}"
superfund_FLD984169235,ORLANDO GASIFICATION PLANT,superfund,28.5453152,-81.3865421,FL,EPA FOIA-014,"{""coordinate_basis"":""address_geocoded"",""external_id"":""FLD984169235"",""npl_status"":null,""saa"":true,""sources"":[""EPA FOIA-014""]}"
superfund_FLD984169193,SANFORD GASIFICATION PLANT,superfund,28.8074198,-81.2759279,FL,EPA FOIA-014,"{""coordinate_basis"":""address_geocoded"",""external_id"":""FLD984169193"",""npl_status"":null,""saa"":true,""sources"":[""EPA FOIA-014""]}"
superfund_FLD032845778,SOLITRON DEVICES INC,superfund,26.7790881,-80.0726999,FL,EPA FOIA-014,"{""coordinate_basis"":""address_geocoded"",""external_id"":""FLD032845778"",""npl_status"":null,""saa"":true,""sources"":[""EPA FOIA-014""]}"
superfund_IAD984591172,IOWA CITY FMGP,superfund,41.6573044,-91.5280869,IA,EPA FOIA-014,"{""coordinate_basis"":""address_geocoded"",""external_id"":""IAD984591172"",""npl_status"":null,""saa"":true,""sources"":[""EPA FOIA-014""]}"
superfund_ILSFN0508010,ALCOA PROPERTIES,superfund,38.601677,-90.1313605,IL,EPA FOIA-014,"{""coordinate_basis"":""address_geocoded"",""external_id"":""ILSFN0508010"",""npl_status"":null,""saa"":true,""sources"":[""EPA FOIA-014""]}"
superfund_ILN000508246,ELLSWORTH INDUSTRIAL PARK,superfund,41.7927295,-88.0369159,IL,EPA FOIA-014,"{""coordinate_basis"":""address_geocoded"",""external_id"":""ILN000508246"",""npl_status"":null,""saa"":true,""sources"":[""EPA FOIA-014""]}"
superfund_ILN000510192,PEOPLES GAS CRAWFORD STATION FORMER MGP,superfund,41.828141,-87.724479,IL,EPA FOIA-014,"{""coordinate_basis"":""address_geocoded"",""external_id"":""ILN000510192"",""npl_status"":null,""saa"":true,""sources"":[""EPA FOIA-014""]}"
superfund_ILN000510195,PEOPLES GAS HAWTHORNE AVENUE FORMER MGP,superfund,41.913061,-87.654398,IL,EPA FOIA-014,"{""coordinate_basis"":""address_geocoded"",""external_id"":""ILN000510195"",""npl_status"":null,""saa"":true,""sources"":[""EPA FOIA-014""]}"
superfund_ILN000510190,PEOPLES GAS HOUGH PLACE STATION FORMER MGP,superfund,41.8475176,-87.6524675,IL,EPA FOIA-014,"{""coordinate_basis"":""address_geocoded"",""external_id"":""ILN000510190"",""npl_status"":null,""saa"":true,""sources"":[""EPA FOIA-014""]}"
superfund_ILD982074767,PEOPLES GAS LIGHT & COKE - 22ND ST,superfund,41.8524555,-87.6563831,IL,EPA FOIA-014,"{""coordinate_basis"":""address_geocoded"",""external_id"":""ILD982074767"",""npl_status"":null,""saa"":true,""sources"":[""EPA FOIA-014""]}"
superfund_ILD982074783,PEOPLES GAS LIGHT & COKE - DIVISION ST,superfund,41.9023887,-87.658252,IL,EPA FOIA-014,"{""coordinate_basis"":""address_geocoded"",""external_id"":""ILD982074783"",""npl_status"":null,""saa"":true,""sources"":[""EPA FOIA-014""]}"
superfund_ILD982074775,PEOPLES GAS LIGHT & COKE NORTH STA,superfund,41.9036575,-87.6466354,IL,EPA FOIA-014,"{""coordinate_basis"":""address_geocoded"",""external_id"":""ILD982074775"",""npl_status"":null,""saa"":true,""sources"":[""EPA FOIA-014""]}"
superfund_ILD982074759,PEOPLES GAS LIGHT & COKE WILLOW ST STATION,superfund,41.9124855,-87.6554416,IL,EPA FOIA-014,"{""coordinate_basis"":""address_geocoded"",""external_id"":""ILD982074759"",""npl_status"":null,""saa"":true,""sources"":[""EPA FOIA-014""]}"
superfund_ILN000510193,PEOPLES GAS NORTH SHORE AVENUE STATION FORMER MGP,superfund,42.0028615,-87.7079056,IL,EPA FOIA-014,"{""coordinate_basis"":""address_geocoded"",""external_id"":""ILN000510193"",""npl_status"":null,""saa"":true,""sources"":[""EPA FOIA-014""]}"
superfund_ILN000510196,PEOPLES GAS PITNEY COURT FORMER MGP,superfund,41.8378469,-87.662426,IL,EPA FOIA-014,"{""coordinate_basis"":""address_geocoded"",""external_id"":""ILN000510196"",""npl_status"":null,""saa"":true,""sources"":[""EPA FOIA-014""]}"
superfund_ILN000510191,PEOPLES GAS SOUTH STATION FORMER MGP,superfund,41.8446608,-87.6601388,IL,EPA FOIA-014,"{""coordinate_basis"":""address_geocoded"",""external_id"":""ILN000510191"",""npl_status"":null,""saa"":true,""sources"":[""EPA FOIA-014""]}"
superfund_ILN000510194,PEOPLES GAS THROOP STREET FORMER MGP,superfund,41.845478,-87.6597634,IL,EPA FOIA-014,"{""coordinate_basis"":""address_geocoded"",""external_id"":""ILN000510194"",""npl_status"":null,""saa"":true,""sources"":[""EPA FOIA-014""]}"
superfund_NCD003166675,ECUSTA MILL,superfund,35.2720166,-82.7057183,NC,EPA FOIA-014,"{""coordinate_basis"":""address_geocoded"",""external_id"":""NCD003166675"",""npl_status"":null,""saa"":true,""sources"":[""EPA FOIA-014""]}"
superfund_NCD986172526,GURLEY PESTICIDE BURIAL,superfund,35.528808,-78.2824355,NC,EPA FOIA-014,"{""coordinate_basis"":""address_geocoded"",""external_id"":""NCD986172526"",""npl_status"":null,""saa"":true,""sources"":[""EPA FOIA-014""]}"
superfund_NCD991278540,WEYERHAEUSER CO PLYMOUTH WOOD TRTNG PT,superfund,35.8588748,-76.7771713,NC,EPA FOIA-014,"{""coordinate_basis"":""address_geocoded"",""external_id"":""NCD991278540"",""npl_status"":null,""saa"":true,""sources"":[""EPA FOIA-014""]}"
superfund_OHD057001810,CHEMICAL RECOVERY SYSTEMS,superfund,41.3710549,-82.1033889,OH,EPA FOIA-014,"{""coordinate_basis"":""address_geocoded"",""external_id"":""OHD057001810"",""npl_status"":null,""saa"":true,""sources"":[""EPA FOIA-014""]}"
superfund_OHD004210563,DOVER CHEMICAL CORP.,superfund,40.5333501,-81.4948285,OH,EPA FOIA-014,"{""coordinate_basis"":""address_geocoded"",""external_id"":""OHD004210563"",""npl_status"":null,""saa"":true,""sources"":[""EPA FOIA-014""]}"
superfund_OHD980611388,SOUTH DAYTON DUMP & LANDFILL,superfund,39.7235888,-84.2134358,OH,EPA FOIA-014,"{""coordinate_basis"":""address_geocoded"",""external_id"":""OHD980611388"",""npl_status"":null,""saa"":true,""sources"":[""EPA FOIA-014""]}"
superfund_OHD980612188,TREMONT CITY BARREL FILL,superfund,40.018419,-83.861354,OH,EPA FOIA-014,"{""coordinate_basis"":""address_geocoded"",""external_id"":""OHD980612188"",""npl_status"":null,""saa"":true,""sources"":[""EPA FOIA-014""]}"
superfund_PAD003031788,FOSTER WHEELER ENERGY CORP./CHURCH ROAD TCE,superfund,41.1424548,-75.8974501,PA,EPA FOIA-014,"{""coordinate_basis"":""address_geocoded"",""external_id"":""PAD003031788"",""npl_status"":null,""saa"":true,""sources"":[""EPA FOIA-014""]}"
superfund_SCD047563614,ADMIRAL HOME APPLIANCES,superfund,33.3938117,-81.4005779,SC,EPA FOIA-014,"{""coordinate_basis"":""address_geocoded"",""external_id"":""SCD047563614"",""npl_status"":null,""saa"":true,""sources"":[""EPA FOIA-014""]}"
superfund_SCN000407376,HENRY'S KNOB,superfund,35.1269249,-81.278805,SC,EPA FOIA-014,"{""coordinate_basis"":""address_geocoded"",""external_id"":""SCN000407376"",""npl_status"":null,""saa"":true,""sources"":[""EPA FOIA-014""]}"
superfund_SCD003350493,INTERNATIONAL MINERALS AND CHEMICALS (IMC),superfund,34.9195281,-81.9252603,SC,EPA FOIA-014,"{""coordinate_basis"":""address_geocoded"",""external_id"":""SCD003350493"",""npl_status"":null,""saa"":true,""sources"":[""EPA FOIA-014""]}"
superfund_TND073540783,ILLINOIS CENTRAL RAILROAD COMPANY'S JOHNSTON YARD SUPERFUND SITE,superfund,35.0480059,-90.0694097,TN,EPA FOIA-014,"{""coordinate_basis"":""address_geocoded"",""external_id"":""TND073540783"",""npl_status"":null,""saa"":true,""sources"":[""EPA FOIA-014""]}"
superfund_TNSFN0407047,NATIONAL FIREWORKS,superfund,35.1642603,-89.7501703,TN,EPA FOIA-014,"{""coordinate_basis"":""address_geocoded"",""external_id"":""TNSFN0407047"",""npl_status"":null,""saa"":true,""sources"":[""EPA FOIA-014""]}"
superfund_UTD000826404,KENNECOTT (SOUTH ZONE),superfund,40.5661127,-112.0910414,UT,EPA FOIA-014,"{""coordinate_basis"":""address_geocoded"",""external_id"":""UTD000826404"",""npl_status"":null,""saa"":true,""sources"":[""EPA FOIA-014""]}"
superfund_VAD980705768,DUPONT SPRUANCE PLANT,superfund,37.4507617,-77.4380782,VA,EPA FOIA-014,"{""coordinate_basis"":""address_geocoded"",""external_id"":""VAD980705768"",""npl_status"":null,""saa"":true,""sources"":[""EPA FOIA-014""]}"
superfund_VA8800010763,NASA WALLOPS FLIGHT FACILITY,superfund,37.9368564,-75.4698842,VA,EPA FOIA-014,"{""coordinate_basis"":""address_geocoded"",""external_id"":""VA8800010763"",""npl_status"":null,""saa"":true,""sources"":[""EPA FOIA-014""]}"
superfund_WIN000510222,BURNHAM CANAL - MILLER COMPRESSING COMPANY,superfund,43.0263008,-87.9344147,WI,EPA FOIA-014,"{""coordinate_basis"":""address_geocoded"",""external_id"":""WIN000510222"",""npl_status"":null,""saa"":true,""sources"":[""EPA FOIA-014""]}"
superfund_WIN000508215,SOLVAY COKE AND GAS COMPANY,superfund,43.014314,-87.9065989,WI,EPA FOIA-014,"{""coordinate_basis"":""address_geocoded"",""external_id"":""WIN000508215"",""npl_status"":null,""saa"":true,""sources"":[""EPA FOIA-014""]}"
superfund_WIN000510058,WPSC CAMP MARINA MGP,superfund,43.7526192,-87.7183949,WI,EPA FOIA-014,"{""coordinate_basis"":""address_geocoded"",""external_id"":""WIN000510058"",""npl_status"":null,""saa"":true,""sources"":[""EPA FOIA-014""]}"
superfund_WIN000509948,WPSC GREEN BAY MGP,superfund,44.5196577,-88.0097965,WI,EPA FOIA-014,"{""coordinate_basis"":""address_geocoded"",""external_id"":""WIN000509948"",""npl_status"":null,""saa"":true,""sources"":[""EPA FOIA-014""]}"
superfund_WIN000509949,WPSC MANITOWOC MGP,superfund,44.0956614,-87.6609333,WI,EPA FOIA-014,"{""coordinate_basis"":""address_geocoded"",""external_id"":""WIN000509949"",""npl_status"":null,""saa"":true,""sources"":[""EPA FOIA-014""]}"
superfund_WIN000509952,WPSC MARINETTE MGP,superfund,45.0984882,-87.6231626,WI,EPA FOIA-014,"{""coordinate_basis"":""address_geocoded"",""external_id"":""WIN000509952"",""npl_status"":null,""saa"":true,""sources"":[""EPA FOIA-014""]}"
superfund_WIN000509947,WPSC OSHKOSH MGP,superfund,44.0132921,-88.5342445,WI,EPA FOIA-014,"{""coordinate_basis"":""address_geocoded"",""external_id"":""WIN000509947"",""npl_status"":null,""saa"":true,""sources"":[""EPA FOIA-014""]}"
superfund_WIN000509953,WPSC TWO RIVERS MGP,superfund,44.1530876,-87.5755374,WI,EPA FOIA-014,"{""coordinate_basis"":""address_geocoded"",""external_id"":""WIN000509953"",""npl_status"":null,""saa"":true,""sources"":[""EPA FOIA-014""]}"
